{
    "menu": [
        {
            "id": 1,
            "title": "三星蔥＋荷包蛋＋紅茶",
            "price": 60,
            "category": "套餐",
            "img": "./images/item-1.jpeg",
            "desc": "超好吃"
        },
        {
            "id": 1,
            "title": "大炒麵＋蛋＋紅茶",
            "price": 65,
            "category": "套餐",
            "img": "./images/item-1.jpeg",
            "desc": "超好吃"
        },
        {
            "id": 1,
            "title": "玉米蛋餅＋肉粽＋紅茶",
            "price": 70,
            "category": "套餐",
            "img": "./images/item-1.jpeg",
            "desc": "超好吃"
        },
        {
            "id": 1,
            "title": "麵線＋蛋餅＋紅茶",
            "price": 70,
            "category": "套餐",
            "img": "./images/item-1.jpeg",
            "desc": "超好吃"
        },
        {
            "id": 1,
            "title": "蛋餅＋三星蔥＋紅茶",
            "price": 70,
            "category": "套餐",
            "img": "./images/item-1.jpeg",
            "desc": "超好吃"
        },
        {
            "id": 1,
            "title": "大炒冬粉＋蛋＋豬血湯",
            "price": 80,
            "category": "套餐",
            "img": "./images/item-1.jpeg",
            "desc": "超好吃"
        },
        {
            "id": 1,
            "title": "洋蔥水餃10個＋紅茶",
            "price": 80,
            "category": "套餐",
            "img": "./images/item-1.jpeg",
            "desc": "超好吃"
        },
        {
            "id": 1,
            "title": "蘿蔔糕＋蛋＋肉粽＋紅茶",
            "price": 80,
            "category": "套餐",
            "img": "./images/item-1.jpeg",
            "desc": "超好吃"
        },
        {
            "id": 1,
            "title": "豬排＋蛋 黑胡椒/蘑菇麵",
            "price": 85,
            "category": "套餐",
            "img": "./images/item-1.jpeg",
            "desc": "超好吃"
        },
        {
            "id": 1,
            "title": "大包冬粉＋蔥抓餅＋紅茶",
            "price": 80,
            "category": "套餐",
            "img": "./images/item-1.jpeg",
            "desc": "超好吃"
        },
        {
            "id": 1,
            "title": "蔥抓餅＋蛋＋肉粽＋奶茶/豆漿",
            "price": 80,
            "category": "套餐",
            "img": "./images/item-1.jpeg",
            "desc": "超好吃"
        },
        {
            "id": 2,
            "title": "Diner ikili hamburger",
            "category": "lunch",
            "price": 13.99,
            "img": "./images/item-2.jpeg",
            "desc": "Diner usulü hazırlanan ikili hamburgerimiz, enfes lezzeti ve doyurucu yapısıyla lunchniz için mükemmel bir tercih!"
        },
        {
            "id": 3,
            "title": "Godzilla Milkshake",
            "category": "shakes",
            "price": 6.99,
            "img": "./images/item-3.webp",
            "desc": "Efsanevi bir lezzet sizi bekliyor! Godzilla Milkshake imizle kendinizi şımartın ve tatlı bir mola verin."
        },
        {
            "id": 4,
            "title": "Köy Lezzeti",
            "category": "breakfast",
            "price": 20.99,
            "img": "./images/item-4.jpeg",
            "desc": "Köy breakfastlarının vazgeçilmez lezzeti artık burada! Tamamen doğal malzemelerle hazırlanan Köy Lezzeti breakfastsı, sizleri enfes bir lezzet şölenine davet ediyor."
        },
        {
            "id": 5,
            "title": "Yumurta Saldırısı",
            "category": "lunch",
            "price": 22.99,
            "img": "./images/item-5.jpeg",
            "desc": "Köy breakfastlarının vazgeçilmez lezzeti artık burada! Tamamen doğal malzemelerle hazırlanan Köy Lezzeti breakfastsı, sizleri enfes bir lezzet şölenine davet ediyor."
        },
        {
            "id": 6,
            "title": "Oreo Hayali",
            "category": "shakes",
            "price": 18.99,
            "img": "./images/item-6.jpeg",
            "desc": "Oreo sevenler için muhteşem bir lezzet! Oreo Hayali sizi tatlı bir dünyaya götürüyor. Lezzetine doyum olmaz!"
        },
        {
            "id": 7,
            "title": "Bacon Seli",
            "category": "breakfast",
            "price": 8.99,
            "img": "./images/item-7.jpeg",
            "desc": "Breakfastnın olmazsa olmazı bacon sevenleri için! Bol bol taze kızarmış bacon ve diğer lezzetlerle hazırlanan Bacon Seli, güne harika bir başlangıç yapmanızı sağlayacak."
        },
        {
            "id": 8,
            "title": "Amerikan Klasik",
            "category": "lunch",
            "price": 12.99,
            "img": "./images/item-8.jpeg",
            "desc": "Amerikan mutfağının klasik lezzetleriyle hazırlanan bu lunch, tadına doyum olmayan bir deneyim sunuyor. Üstelik uygun fiyatıyla da tercih sebebi!"
        },
        {
            "id": 9,
            "title": "Karantina Arkadaşı",
            "category": "shakes",
            "price": 16.99,
            "img": "./images/item-9.jpeg",
            "desc": "Karantina günlerinde canınızın sıkıldığı anlarda sizi yalnız bırakmayacak lezzetli bir milkshake! Karantina Arkadaşı ile tatlı bir kaçamak yapın."
        },
        {
            "id": 10,
            "title": "Bizon Bifteği",
            "category": "lunch",
            "price": 22.99,
            "img": "./images/item-10.jpeg",
            "desc": "Bizon etinin eşsiz lezzeti, özel baharatlar ve soslarla birleşiyor. Bizon Bifteği, akşam yemeğiniz için mükemmel bir seçim!"
        }
    ]
}